0,90,143,cefba318c12f8525090a626f2dd1fa3c.jpg,413,414
1,93,173,cefba318c12f8525090a626f2dd1fa3c.jpg,413,414
2,98,207,cefba318c12f8525090a626f2dd1fa3c.jpg,413,414
3,109,238,cefba318c12f8525090a626f2dd1fa3c.jpg,413,414
4,122,266,cefba318c12f8525090a626f2dd1fa3c.jpg,413,414
5,139,296,cefba318c12f8525090a626f2dd1fa3c.jpg,413,414
6,159,319,cefba318c12f8525090a626f2dd1fa3c.jpg,413,414
7,186,339,cefba318c12f8525090a626f2dd1fa3c.jpg,413,414
8,217,342,cefba318c12f8525090a626f2dd1fa3c.jpg,413,414
9,245,336,cefba318c12f8525090a626f2dd1fa3c.jpg,413,414
10,270,316,cefba318c12f8525090a626f2dd1fa3c.jpg,413,414
11,294,285,cefba318c12f8525090a626f2dd1fa3c.jpg,413,414
12,307,262,cefba318c12f8525090a626f2dd1fa3c.jpg,413,414
13,321,236,cefba318c12f8525090a626f2dd1fa3c.jpg,413,414
14,329,201,cefba318c12f8525090a626f2dd1fa3c.jpg,413,414
15,334,170,cefba318c12f8525090a626f2dd1fa3c.jpg,413,414
16,340,141,cefba318c12f8525090a626f2dd1fa3c.jpg,413,414
17,119,151,cefba318c12f8525090a626f2dd1fa3c.jpg,413,414
18,142,152,cefba318c12f8525090a626f2dd1fa3c.jpg,413,414
19,162,157,cefba318c12f8525090a626f2dd1fa3c.jpg,413,414
20,180,168,cefba318c12f8525090a626f2dd1fa3c.jpg,413,414
21,191,175,cefba318c12f8525090a626f2dd1fa3c.jpg,413,414
22,236,173,cefba318c12f8525090a626f2dd1fa3c.jpg,413,414
23,250,165,cefba318c12f8525090a626f2dd1fa3c.jpg,413,414
24,264,157,cefba318c12f8525090a626f2dd1fa3c.jpg,413,414
25,279,153,cefba318c12f8525090a626f2dd1fa3c.jpg,413,414
26,295,155,cefba318c12f8525090a626f2dd1fa3c.jpg,413,414
27,212,192,cefba318c12f8525090a626f2dd1fa3c.jpg,413,414
28,212,211,cefba318c12f8525090a626f2dd1fa3c.jpg,413,414
29,212,230,cefba318c12f8525090a626f2dd1fa3c.jpg,413,414
30,212,249,cefba318c12f8525090a626f2dd1fa3c.jpg,413,414
31,199,258,cefba318c12f8525090a626f2dd1fa3c.jpg,413,414
32,207,260,cefba318c12f8525090a626f2dd1fa3c.jpg,413,414
33,213,261,cefba318c12f8525090a626f2dd1fa3c.jpg,413,414
34,220,260,cefba318c12f8525090a626f2dd1fa3c.jpg,413,414
35,227,258,cefba318c12f8525090a626f2dd1fa3c.jpg,413,414
36,136,186,cefba318c12f8525090a626f2dd1fa3c.jpg,413,414
37,131,166,cefba318c12f8525090a626f2dd1fa3c.jpg,413,414
38,148,167,cefba318c12f8525090a626f2dd1fa3c.jpg,413,414
39,168,174,cefba318c12f8525090a626f2dd1fa3c.jpg,413,414
40,175,192,cefba318c12f8525090a626f2dd1fa3c.jpg,413,414
41,153,192,cefba318c12f8525090a626f2dd1fa3c.jpg,413,414
42,250,190,cefba318c12f8525090a626f2dd1fa3c.jpg,413,414
43,263,170,cefba318c12f8525090a626f2dd1fa3c.jpg,413,414
44,287,165,cefba318c12f8525090a626f2dd1fa3c.jpg,413,414
45,294,179,cefba318c12f8525090a626f2dd1fa3c.jpg,413,414
46,283,193,cefba318c12f8525090a626f2dd1fa3c.jpg,413,414
47,266,192,cefba318c12f8525090a626f2dd1fa3c.jpg,413,414
48,170,297,cefba318c12f8525090a626f2dd1fa3c.jpg,413,414
49,186,281,cefba318c12f8525090a626f2dd1fa3c.jpg,413,414
50,202,276,cefba318c12f8525090a626f2dd1fa3c.jpg,413,414
51,213,279,cefba318c12f8525090a626f2dd1fa3c.jpg,413,414
52,226,277,cefba318c12f8525090a626f2dd1fa3c.jpg,413,414
53,245,279,cefba318c12f8525090a626f2dd1fa3c.jpg,413,414
54,257,296,cefba318c12f8525090a626f2dd1fa3c.jpg,413,414
55,247,305,cefba318c12f8525090a626f2dd1fa3c.jpg,413,414
56,231,314,cefba318c12f8525090a626f2dd1fa3c.jpg,413,414
57,212,315,cefba318c12f8525090a626f2dd1fa3c.jpg,413,414
58,197,314,cefba318c12f8525090a626f2dd1fa3c.jpg,413,414
59,180,304,cefba318c12f8525090a626f2dd1fa3c.jpg,413,414
60,182,293,cefba318c12f8525090a626f2dd1fa3c.jpg,413,414
61,197,287,cefba318c12f8525090a626f2dd1fa3c.jpg,413,414
62,212,287,cefba318c12f8525090a626f2dd1fa3c.jpg,413,414
63,231,286,cefba318c12f8525090a626f2dd1fa3c.jpg,413,414
64,247,293,cefba318c12f8525090a626f2dd1fa3c.jpg,413,414
65,231,301,cefba318c12f8525090a626f2dd1fa3c.jpg,413,414
66,215,303,cefba318c12f8525090a626f2dd1fa3c.jpg,413,414
67,197,303,cefba318c12f8525090a626f2dd1fa3c.jpg,413,414